{
    "accuracy": 0.7826506024096386,
    "precision": 0.7716763005780347,
    "recall": 0.7891625615763547,
    "auc": 0.8700343898131797
}